source_id,layer,jurisdiction,path,doc_type,title,source_org,authority_level,publish_date,effective_date,status,url,snapshot_path,usage_priority,notes,module,category,usage,binding_force,authority,publisher,suitable_for,report_usage,summary,knowledge_url
CN-LAW-001,legal_rules,cn,all,law,中华人民共和国网络安全法（2025修正）,CAC,official,2025-12-29,2025-12-29,effective,https://www.cac.gov.cn/2025-12/29/c_1768735112911946.htm,doc/knowledge/cn-diagnosis/snapshots/cac_2025_12_29_cybersecurity_law.html,P0,基础法层,cn-diagnosis,核心法律,审查基准,mandatory,high,国家互联网信息办公室,路径判断、文档审查、评估申报,可直接引用条文号,网络安全法是中国数据跨境合规的基础法之一，用于界定关键信息基础设施、网络运行安全义务和跨境场景中的底层安全要求。,/knowledge/sources/CN-LAW-001
CN-LAW-002,legal_rules,cn,all,law,中华人民共和国数据安全法,CAC,official,2021-06-11,2021-09-01,effective,https://www.cac.gov.cn/2021-06/11/c_1624994566919140.htm,doc/knowledge/cn-diagnosis/snapshots/cac_2021_06_11_data_security_law.html,P0,基础法层,cn-diagnosis,核心法律,审查基准,mandatory,high,国家互联网信息办公室,路径判断、评估申报、文档审查,可直接引用条文号,数据安全法提供数据分类分级、重要数据识别和数据安全治理的一般框架，是判断重要数据出境义务的核心依据。,/knowledge/sources/CN-LAW-002
CN-LAW-003,legal_rules,cn,all,law,中华人民共和国个人信息保护法,CAC,official,2021-08-20,2021-11-01,effective,https://www.cac.gov.cn/2021-08/20/c_1631050028355286.htm,doc/knowledge/cn-diagnosis/snapshots/cac_2021_08_20_pipl.html,P0,基础法层,cn-diagnosis,核心法律,审查基准,mandatory,high,国家互联网信息办公室,路径判断、文档审查、评估申报、标准合同,可直接引用条文号,个人信息保护法是个人信息跨境处理的总法基础，用于判断个人信息定义、敏感个人信息、单独同意、个人权利和跨境提供规则。,/knowledge/sources/CN-LAW-003
CN-REG-004,legal_rules,cn,assessment,administrative_regulation,数据出境安全评估办法,CAC,official,2022-07-07,2022-09-01,effective,https://www.cac.gov.cn/2022-07/07/c_1658811536594644.htm,doc/knowledge/cn-assessment/snapshots/cac_2022_07_07_security_assessment_measures.html,P0,安全评估核心规则,cn-assessment,部门规章,审查基准,mandatory,high,国家互联网信息办公室,评估申报,可直接引用条文号,《数据出境安全评估办法》是中国安全评估路径的核心规范，用于判定触发门槛、申报义务和审查重点。,/knowledge/sources/CN-REG-004
CN-REG-005,legal_rules,cn,scc,administrative_regulation,个人信息出境标准合同办法,CAC,official,2023-02-24,2023-06-01,effective,https://www.cac.gov.cn/2023-02/24/c_1678884831596384.htm,doc/knowledge/cn-review/snapshots/cac_2023_02_24_standard_contract_measures.html,P0,标准合同核心规则,cn-review,部门规章,审查基准,mandatory,high,国家互联网信息办公室,标准合同、文档审查,可直接引用条文号,《个人信息出境标准合同办法》规定了标准合同路径的适用条件、备案义务和配套评估要求，是标准合同审查与备案的主依据。,/knowledge/sources/CN-REG-005
CN-REG-006,legal_rules,cn,all,administrative_regulation,促进和规范数据跨境流动规定（发布页）,CAC,official,2024-03-22,2024-03-22,effective,https://www.cac.gov.cn/2024-03/22/c_1712776612187994.htm,doc/knowledge/cn-diagnosis/snapshots/cac_2024_03_22_crossborder_regulation_release.html,P0,总分流规则,cn-diagnosis,部门规章,审查基准,mandatory,high,国家互联网信息办公室,路径判断,可直接引用条文号,《促进和规范数据跨境流动规定》发布页用于确认新规出台背景与生效口径，可辅助说明路径调整依据。,/knowledge/sources/CN-REG-006
CN-REG-007,legal_rules,cn,all,administrative_regulation,促进和规范数据跨境流动规定（全文页）,CAC,official,2024-03-22,2024-03-22,effective,https://www.cac.gov.cn/2024-03/22/c_1712776611775634.htm,doc/knowledge/cn-diagnosis/snapshots/cac_2024_03_22_crossborder_regulation_fulltext.html,P0,建议作为RAG主入口,cn-diagnosis,部门规章,审查基准,mandatory,high,国家互联网信息办公室,路径判断、评估申报、标准合同,可直接引用条文号,《促进和规范数据跨境流动规定》全文是当前中国数据出境三条路径分流判断的核心依据，应用于豁免、标准合同和安全评估的路径判断。,/knowledge/sources/CN-REG-007
CN-REG-008,legal_rules,cn,all,administrative_regulation,网络数据安全管理条例,CAC,official,2024-09-30,2025-01-01,effective,https://www.cac.gov.cn/2024-09/30/c_1729384452307680.htm,doc/knowledge/cn-diagnosis/snapshots/cac_2024_09_30_network_data_security_regulation.html,P1,补充规则边界,cn-diagnosis,部门规章,条文匹配,mandatory,high,国家互联网信息办公室,路径判断、文档审查,可直接引用条文号,《网络数据安全管理条例》补充了网络数据处理活动中的安全治理边界，适合用于合同条款审查和一般性合规论证。,/knowledge/sources/CN-REG-008
CN-GUIDE-009,guidance,cn,assessment,guide,数据出境安全评估申报指南（第三版）,CAC,official,2025-06-27,2025-06-27,effective,https://www.cac.gov.cn/2025-06/27/c_1752652339765002.htm,doc/knowledge/cn-assessment/snapshots/cac_2025_06_27_assessment_guide_v3_release.html,P0,评估材料与流程口径,cn-assessment,官方指南,审查基准,recommended,high,国家互联网信息办公室,评估申报,可附带解释说明,《数据出境安全评估申报指南（第三版）》细化了申报流程、材料准备和表单口径，是安全评估交付物组织的重要操作性依据。,/knowledge/sources/CN-GUIDE-009
CN-GUIDE-010,guidance,cn,scc,guide,个人信息出境标准合同备案指南（第二版）,TJCAC(转载中国网信网),authoritative,2024-08-23,2024-08-23,effective,https://www.tjcac.gov.cn/wsfw/sjkj/grxxcjbzht/202408/t20240823_6705573.html,doc/knowledge/cn-review/snapshots/tjcac_2024_08_standard_contract_filing_guide_v2.html,P0,备案材料清单与格式,cn-review,官方指南,审查基准,recommended,high,天津网信办（转载中国网信网）,标准合同、文档审查,可附带解释说明,《个人信息出境标准合同备案指南（第二版）》细化了标准合同备案流程、材料要求和格式口径，用于支持标准合同路径落地。,/knowledge/sources/CN-GUIDE-010
CN-QA-011,guidance,cn,scc,qa,《个人信息出境标准合同办法》答记者问,CAC,official,2023-02-24,2023-02-24,effective,https://www.cac.gov.cn/2023-02/24/c_1678884829601935.htm,doc/knowledge/cn-review/snapshots/cac_2023_02_24_standard_contract_qa.html,P1,解释条款适用边界,cn-review,官方问答,条文匹配,recommended,high,国家互联网信息办公室,标准合同、文档审查,可辅助解释条文，但不宜单独作为核心依据,《个人信息出境标准合同办法》答记者问用于解释标准合同路径的适用边界、制度目的和备案实践中的常见理解问题。,/knowledge/sources/CN-QA-011
CN-QA-012,practice_stats,cn,assessment,qa,数据出境安全管理政策问答（2025年4月）,CAC,official,2025-04-09,2025-04-09,effective,https://www.cac.gov.cn/2025-04/09/c_1745906286623776.htm,doc/knowledge/cn-assessment/snapshots/cac_2025_04_09_policy_qa.html,P0,含阶段性统计口径,cn-assessment,官方问答,审查基准,recommended,high,国家互联网信息办公室,评估申报、路径判断,可辅助解释条文，但不宜单独作为核心依据,2025年4月政策问答提供阶段性统计和政策解释，可用于补充说明安全评估路径的监管关注点与实践趋势。,/knowledge/sources/CN-QA-012
CN-QA-013,practice_stats,cn,assessment,qa,数据出境安全管理政策问答（2025年5月）,CAC,official,2025-05-30,2025-05-30,effective,https://www.cac.gov.cn/2025-05/30/c_1750315283722063.htm,doc/knowledge/cn-assessment/snapshots/cac_2025_05_30_policy_qa.html,P0,含最新政策解释口径,cn-assessment,官方问答,审查基准,recommended,high,国家互联网信息办公室,评估申报、路径判断,可辅助解释条文，但不宜单独作为核心依据,2025年5月政策问答提供更新的政策解释口径和阶段性数据，适合作为安全评估项目中的辅助说明材料。,/knowledge/sources/CN-QA-013
CN-OPS-014,process,cn,assessment|scc,contact_list,各地省级网信部门申报/备案联系方式,CAC,official,2023-11-03,2023-11-03,effective,https://www.cac.gov.cn/2023-11/03/c_1700672263791309.htm,doc/knowledge/cn-assessment/snapshots/cac_2023_11_03_contact_list.html,P1,流程落地支持,cn-assessment,流程清单,条文匹配,recommended,high,国家互联网信息办公室,评估申报、标准合同,用于流程执行，不直接作为法律论证,各地省级网信部门申报/备案联系方式属于流程执行层资料，用于项目落地和实际申报沟通，不作为法律结论主依据。,/knowledge/sources/CN-OPS-014
CN-GOV-015,legal_rules,cn,scc,gov_republish,个人信息出境标准合同办法（中国政府网转载）,gov.cn,official,2023-11-11,2023-06-01,effective,https://www.gov.cn/zhengce/202311/content_6917770.htm,doc/knowledge/cn-review/snapshots/govcn_2023_standard_contract_measures.html,P1,政府口径交叉校验,cn-review,官方转载,条文匹配,recommended,high,中国政府网,标准合同、文档审查,可附带解释说明,中国政府网转载版《个人信息出境标准合同办法》可作为交叉校验口径，用于提高标准合同条文引用的稳健性。,/knowledge/sources/CN-GOV-015
EU-LAW-001,legal_rules,eu,all,law,GDPR (EU) 2016/679,EUR-Lex,official,2016-04-27,2018-05-25,effective,https://eur-lex.europa.eu/eli/reg/2016/679/oj,doc/knowledge/eu-dpia/snapshots/eurlex_gdpr_2016_679_excerpts.md,P0,EU跨境合规核心法,eu-dpia,核心法律,审查基准,mandatory,high,EUR-Lex,DPIA草案、BCR审核、SCC审查、TIA草案,可直接引用条文号,GDPR 是欧盟跨境数据保护合规的总法基础，用于 DPIA、BCR、SCC 和 TIA 等多个模块中的核心法条引用。,/knowledge/sources/EU-LAW-001
EU-GUIDE-002,guidance,eu,all,guide,EDPB Recommendations 01/2020,EDPB,official,2021-06-18,2021-06-18,effective,https://edpb.europa.eu/system/files/2021-06/edpb_recommendations_202001vo.2.0_supplementarymeasurestransferstools_en.pdf,doc/knowledge/eu-tia/snapshots/edpb_recommendations_01_2020_excerpts.md,P0,TIA分析与补充措施框架,eu-tia,官方指南,审查基准,recommended,high,欧洲数据保护委员会,TIA草案、SCC审查、BCR审核,可附带解释说明,EDPB Recommendations 01/2020 提供了 transfer impact assessment 和补充措施分析框架，是 TIA 草案生成和欧盟传输审查的重要解释性依据。,/knowledge/sources/EU-GUIDE-002
US-FED-001,legal_rules,us,all,administrative_regulation,U.S. DOJ Rule implementing EO 14117,Federal Register,official,2024-12-27,2025-04-08,effective,https://www.govinfo.gov/content/pkg/FR-2025-01-08/pdf/FR-2025-01-08.pdf,doc/knowledge/us-14117/snapshots/fr_2025_01_08_eo14117_excerpts.md,P0,对华数据流动限制核心规则,us-14117,部门规章,审查基准,mandatory,high,Federal Register,EO14117合规,可直接引用条文号,美国司法部 EO 14117 实施规则用于界定受限交易、受规制对象和对华敏感数据流动限制，是美国路径中的核心联邦依据。,/knowledge/sources/US-FED-001
US-CA-001,legal_rules,us,all,law,California CPRA/CCPA,California AG,official,2023-03-29,2023-01-01,effective,https://oag.ca.gov/privacy/ccpa,doc/knowledge/us-cpra/snapshots/ca_oag_cpra_excerpts.md,P0,CPRA消费者权利与企业义务,us-cpra,核心法律,审查基准,mandatory,high,California Attorney General,CPRA合规,可直接引用条文号,California CPRA/CCPA 是加州隐私合规的核心法律依据，用于解释消费者权利、敏感个人信息限制使用和企业义务。,/knowledge/sources/US-CA-001
