source_id,layer,jurisdiction,path,doc_type,title,source_org,authority_level,publish_date,effective_date,status,url,snapshot_path,usage_priority,notes,module,category,usage,binding_force,authority,publisher,suitable_for,report_usage,summary,knowledge_url,origin_path
CN-LAW-001,legal_rules,cn,all,law,中华人民共和国网络安全法（2025修正）,CAC,official,2025-12-29,2025-12-29,effective,https://www.cac.gov.cn/2025-12/29/c_1768735112911946.htm,resources/legal/sources/cn/snapshots/cac_2025_12_29_cybersecurity_law.html,P0,基础法层,cn-diagnosis,核心法律,审查基准,mandatory,high,国家互联网信息办公室,路径判断、文档审查、评估申报,可直接引用条文号,网络安全法是中国数据跨境合规的基础法之一，用于界定关键信息基础设施、网络运行安全义务和跨境场景中的底层安全要求。,/knowledge/sources/CN-LAW-001,doc/数规通功能路径描述（含reference）、流程描述、测试案例/中国数据出境路径/中国数据出境路径reference库/中国数据出境路径reference文件库/网络安全法.pdf
CN-LAW-002,legal_rules,cn,all,law,中华人民共和国数据安全法,CAC,official,2021-06-11,2021-09-01,effective,https://www.cac.gov.cn/2021-06/11/c_1624994566919140.htm,resources/legal/sources/cn/snapshots/cac_2021_06_11_data_security_law.html,P0,基础法层,cn-diagnosis,核心法律,审查基准,mandatory,high,国家互联网信息办公室,路径判断、评估申报、文档审查,可直接引用条文号,数据安全法提供数据分类分级、重要数据识别和数据安全治理的一般框架，是判断重要数据出境义务的核心依据。,/knowledge/sources/CN-LAW-002,doc/数规通功能路径描述（含reference）、流程描述、测试案例/中国数据出境路径/中国数据出境路径reference库/中国数据出境路径reference文件库/中华人民共和国数据安全法.pdf
CN-LAW-003,legal_rules,cn,all,law,中华人民共和国个人信息保护法,CAC,official,2021-08-20,2021-11-01,effective,https://www.cac.gov.cn/2021-08/20/c_1631050028355286.htm,resources/legal/sources/cn/snapshots/cac_2021_08_20_pipl.html,P0,基础法层,cn-diagnosis,核心法律,审查基准,mandatory,high,国家互联网信息办公室,路径判断、文档审查、评估申报、标准合同,可直接引用条文号,个人信息保护法是个人信息跨境处理的总法基础，用于判断个人信息定义、敏感个人信息、单独同意、个人权利和跨境提供规则。,/knowledge/sources/CN-LAW-003,doc/数规通功能路径描述（含reference）、流程描述、测试案例/中国数据出境路径/中国数据出境路径reference库/中国数据出境路径reference文件库/中华人民共和国个人信息保护法.pdf
CN-REG-004,legal_rules,cn,assessment,administrative_regulation,数据出境安全评估办法,CAC,official,2022-07-07,2022-09-01,effective,https://www.cac.gov.cn/2022-07/07/c_1658811536594644.htm,resources/legal/sources/cn/snapshots/cac_2022_07_07_security_assessment_measures.html,P0,安全评估核心规则,cn-assessment,部门规章,审查基准,mandatory,high,国家互联网信息办公室,评估申报,可直接引用条文号,《数据出境安全评估办法》是中国安全评估路径的核心规范，用于判定触发门槛、申报义务和审查重点。,/knowledge/sources/CN-REG-004,doc/数规通功能路径描述（含reference）、流程描述、测试案例/中国数据出境路径/中国数据出境路径reference库/中国数据出境路径reference文件库/数据出境安全评估办法.pdf
CN-REG-005,legal_rules,cn,scc,administrative_regulation,个人信息出境标准合同办法,CAC,official,2023-02-24,2023-06-01,effective,https://www.cac.gov.cn/2023-02/24/c_1678884831596384.htm,resources/legal/sources/cn/snapshots/cac_2023_02_24_standard_contract_measures.html,P0,标准合同核心规则,cn-review,部门规章,审查基准,mandatory,high,国家互联网信息办公室,标准合同、文档审查,可直接引用条文号,《个人信息出境标准合同办法》规定了标准合同路径的适用条件、备案义务和配套评估要求，是标准合同审查与备案的主依据。,/knowledge/sources/CN-REG-005,doc/数规通功能路径描述（含reference）、流程描述、测试案例/中国数据出境路径/中国数据出境路径reference库/中国数据出境路径reference文件库/个人信息出境标准合同办法_中央网络安全和信息化委员会办公室.pdf
CN-REG-006,legal_rules,cn,all,administrative_regulation,促进和规范数据跨境流动规定（发布页）,CAC,official,2024-03-22,2024-03-22,effective,https://www.cac.gov.cn/2024-03/22/c_1712776612187994.htm,resources/legal/sources/cn/snapshots/cac_2024_03_22_crossborder_regulation_release.html,P0,总分流规则,cn-diagnosis,部门规章,审查基准,mandatory,high,国家互联网信息办公室,路径判断,可直接引用条文号,《促进和规范数据跨境流动规定》发布页用于确认新规出台背景与生效口径，可辅助说明路径调整依据。,/knowledge/sources/CN-REG-006,doc/数规通功能路径描述（含reference）、流程描述、测试案例/中国数据出境路径/中国数据出境路径reference库/中国数据出境路径reference文件库/促进和规范数据跨境流动规定_中央网络安全和信息化委员会办公室.pdf
CN-REG-007,legal_rules,cn,all,administrative_regulation,促进和规范数据跨境流动规定（全文页）,CAC,official,2024-03-22,2024-03-22,effective,https://www.cac.gov.cn/2024-03/22/c_1712776611775634.htm,resources/legal/sources/cn/snapshots/cac_2024_03_22_crossborder_regulation_fulltext.html,P0,建议作为RAG主入口,cn-diagnosis,部门规章,审查基准,mandatory,high,国家互联网信息办公室,路径判断、评估申报、标准合同,可直接引用条文号,《促进和规范数据跨境流动规定》全文是当前中国数据出境三条路径分流判断的核心依据，应用于豁免、标准合同和安全评估的路径判断。,/knowledge/sources/CN-REG-007,doc/数规通功能路径描述（含reference）、流程描述、测试案例/中国数据出境路径/中国数据出境路径reference库/中国数据出境路径reference文件库/促进和规范数据跨境流动规定_中央网络安全和信息化委员会办公室.pdf
CN-REG-008,legal_rules,cn,all,administrative_regulation,网络数据安全管理条例,CAC,official,2024-09-30,2025-01-01,effective,https://www.cac.gov.cn/2024-09/30/c_1729384452307680.htm,resources/legal/sources/cn/snapshots/cac_2024_09_30_network_data_security_regulation.html,P1,补充规则边界,cn-diagnosis,部门规章,条文匹配,mandatory,high,国家互联网信息办公室,路径判断、文档审查,可直接引用条文号,《网络数据安全管理条例》补充了网络数据处理活动中的安全治理边界，适合用于合同条款审查和一般性合规论证。,/knowledge/sources/CN-REG-008,doc/数规通功能路径描述（含reference）、流程描述、测试案例/中国数据出境路径/中国数据出境路径reference库/中国数据出境路径reference文件库/网络数据安全管理条例.pdf
CN-GUIDE-009,guidance,cn,assessment,guide,数据出境安全评估申报指南（第三版）,CAC,official,2025-06-27,2025-06-27,effective,https://www.cac.gov.cn/2025-06/27/c_1752652339765002.htm,resources/legal/sources/cn/snapshots/cac_2025_06_27_assessment_guide_v3_release.html,P0,评估材料与流程口径,cn-assessment,官方指南,审查基准,recommended,high,国家互联网信息办公室,评估申报,可附带解释说明,《数据出境安全评估申报指南（第三版）》细化了申报流程、材料准备和表单口径，是安全评估交付物组织的重要操作性依据。,/knowledge/sources/CN-GUIDE-009,doc/数规通功能路径描述（含reference）、流程描述、测试案例/中国数据出境路径/中国数据出境路径reference库/中国数据出境路径reference文件库/数据出境安全评估申报指南（第三版） (1).docx
CN-GUIDE-010,guidance,cn,scc,guide,个人信息出境标准合同备案指南（第二版）,TJCAC(转载中国网信网),authoritative,2024-08-23,2024-08-23,effective,https://www.tjcac.gov.cn/wsfw/sjkj/grxxcjbzht/202408/t20240823_6705573.html,resources/legal/sources/cn/snapshots/tjcac_2024_08_standard_contract_filing_guide_v2.html,P0,备案材料清单与格式,cn-review,官方指南,审查基准,recommended,high,天津网信办（转载中国网信网）,标准合同、文档审查,可附带解释说明,《个人信息出境标准合同备案指南（第二版）》细化了标准合同备案流程、材料要求和格式口径，用于支持标准合同路径落地。,/knowledge/sources/CN-GUIDE-010,doc/数规通功能路径描述（含reference）、流程描述、测试案例/中国数据出境路径/中国数据出境路径reference库/中国数据出境路径reference文件库/个人信息出境标准合同备案指南（第二版） (1).docx
CN-QA-011,guidance,cn,scc,qa,《个人信息出境标准合同办法》答记者问,CAC,official,2023-02-24,2023-02-24,effective,https://www.cac.gov.cn/2023-02/24/c_1678884829601935.htm,resources/legal/sources/cn/snapshots/cac_2023_02_24_standard_contract_qa.html,P1,解释条款适用边界,cn-review,官方问答,条文匹配,recommended,high,国家互联网信息办公室,标准合同、文档审查,可辅助解释条文，但不宜单独作为核心依据,《个人信息出境标准合同办法》答记者问用于解释标准合同路径的适用边界、制度目的和备案实践中的常见理解问题。,/knowledge/sources/CN-QA-011,
CN-QA-012,practice_stats,cn,assessment,qa,数据出境安全管理政策问答（2025年4月）,CAC,official,2025-04-09,2025-04-09,effective,https://www.cac.gov.cn/2025-04/09/c_1745906286623776.htm,resources/legal/sources/cn/snapshots/cac_2025_04_09_policy_qa.html,P0,含阶段性统计口径,cn-assessment,官方问答,审查基准,recommended,high,国家互联网信息办公室,评估申报、路径判断,可辅助解释条文，但不宜单独作为核心依据,2025年4月政策问答提供阶段性统计和政策解释，可用于补充说明安全评估路径的监管关注点与实践趋势。,/knowledge/sources/CN-QA-012,
CN-QA-013,practice_stats,cn,assessment,qa,数据出境安全管理政策问答（2025年5月）,CAC,official,2025-05-30,2025-05-30,effective,https://www.cac.gov.cn/2025-05/30/c_1750315283722063.htm,resources/legal/sources/cn/snapshots/cac_2025_05_30_policy_qa.html,P0,含最新政策解释口径,cn-assessment,官方问答,审查基准,recommended,high,国家互联网信息办公室,评估申报、路径判断,可辅助解释条文，但不宜单独作为核心依据,2025年5月政策问答提供更新的政策解释口径和阶段性数据，适合作为安全评估项目中的辅助说明材料。,/knowledge/sources/CN-QA-013,
CN-OPS-014,process,cn,assessment|scc,contact_list,各地省级网信部门申报/备案联系方式,CAC,official,2023-11-03,2023-11-03,effective,https://www.cac.gov.cn/2023-11/03/c_1700672263791309.htm,resources/legal/sources/cn/snapshots/cac_2023_11_03_contact_list.html,P1,流程落地支持,cn-assessment,流程清单,条文匹配,recommended,high,国家互联网信息办公室,评估申报、标准合同,用于流程执行，不直接作为法律论证,各地省级网信部门申报/备案联系方式属于流程执行层资料，用于项目落地和实际申报沟通，不作为法律结论主依据。,/knowledge/sources/CN-OPS-014,
CN-GOV-015,legal_rules,cn,scc,gov_republish,个人信息出境标准合同办法（中国政府网转载）,gov.cn,official,2023-11-11,2023-06-01,effective,https://www.gov.cn/zhengce/202311/content_6917770.htm,resources/legal/sources/cn/snapshots/govcn_2023_standard_contract_measures.html,P1,政府口径交叉校验,cn-review,官方转载,条文匹配,recommended,high,中国政府网,标准合同、文档审查,可附带解释说明,中国政府网转载版《个人信息出境标准合同办法》可作为交叉校验口径，用于提高标准合同条文引用的稳健性。,/knowledge/sources/CN-GOV-015,
EU-LAW-001,legal_rules,eu,all,law,GDPR (EU) 2016/679,EUR-Lex,official,2016-04-27,2018-05-25,effective,https://eur-lex.europa.eu/eli/reg/2016/679/oj,resources/legal/sources/eu/snapshots/eurlex_gdpr_2016_679_excerpts.md,P0,EU跨境合规核心法,eu-dpia,核心法律,审查基准,mandatory,high,EUR-Lex,DPIA草案、BCR审核、SCC审查、TIA草案,可直接引用条文号,GDPR 是欧盟跨境数据保护合规的总法基础，用于 DPIA、BCR、SCC 和 TIA 等多个模块中的核心法条引用。,/knowledge/sources/EU-LAW-001,doc/数规通功能路径描述（含reference）、流程描述、测试案例/欧盟数据出境路径/欧盟数据出境路径Reference库/欧盟数据出境reference文件库/CELEX_32016R0679_EN_TXT.pdf
EU-GUIDE-002,guidance,eu,all,guide,EDPB Recommendations 01/2020,EDPB,official,2021-06-18,2021-06-18,effective,https://edpb.europa.eu/system/files/2021-06/edpb_recommendations_202001vo.2.0_supplementarymeasurestransferstools_en.pdf,resources/legal/sources/eu/snapshots/edpb_recommendations_01_2020_excerpts.md,P0,TIA分析与补充措施框架,eu-tia,官方指南,审查基准,recommended,high,欧洲数据保护委员会,TIA草案、SCC审查、BCR审核,可附带解释说明,EDPB Recommendations 01/2020 提供了 transfer impact assessment 和补充措施分析框架，是 TIA 草案生成和欧盟传输审查的重要解释性依据。,/knowledge/sources/EU-GUIDE-002,doc/数规通功能路径描述（含reference）、流程描述、测试案例/欧盟数据出境路径/欧盟数据出境路径Reference库/欧盟数据出境reference文件库/edpb_recommendations_202001vo.2.0_supplementarymeasurestransferstools_en.pdf
US-FED-001,legal_rules,us,all,administrative_regulation,U.S. DOJ Rule implementing EO 14117,Federal Register,official,2024-12-27,2025-04-08,effective,https://www.govinfo.gov/content/pkg/FR-2025-01-08/pdf/FR-2025-01-08.pdf,resources/legal/sources/us/snapshots/fr_2025_01_08_eo14117_excerpts.md,P0,对华数据流动限制核心规则,us-14117,部门规章,审查基准,mandatory,high,Federal Register,EO14117合规,可直接引用条文号,美国司法部 EO 14117 实施规则用于界定受限交易、受规制对象和对华敏感数据流动限制，是美国路径中的核心联邦依据。,/knowledge/sources/US-FED-001,doc/数规通功能路径描述（含reference）、流程描述、测试案例/美国（加州）数据出境路径/美国数据出境路径Reference库/美国数据出境路径reference文件库/2024-04573.pdf
US-CA-001,legal_rules,us,all,law,California CPRA/CCPA,California AG,official,2023-03-29,2023-01-01,effective,https://oag.ca.gov/privacy/ccpa,resources/legal/sources/us/snapshots/ca_oag_cpra_excerpts.md,P0,CPRA消费者权利与企业义务,us-cpra,核心法律,审查基准,mandatory,high,California Attorney General,CPRA合规,可直接引用条文号,California CPRA/CCPA 是加州隐私合规的核心法律依据，用于解释消费者权利、敏感个人信息限制使用和企业义务。,/knowledge/sources/US-CA-001,doc/数规通功能路径描述（含reference）、流程描述、测试案例/美国（加州）数据出境路径/美国数据出境路径Reference库/美国数据出境路径reference文件库/The California Privacy Rights Act of 2020 (1).pdf
CN-TPL-016,template_assets,cn,review,template,个人信息出境标准合同模板,项目资料库,recommended,,,reference,,resources/legal/sources/cn/snapshots/cn-tpl-016_个人信息出境标准合同模板_da18a8f4.md,P2,标准合同模板样例,cn-review,官方模板,结构参照,reference,medium,项目资料库,文档审查、标准合同,用于结构参照，不直接作为法律依据,用于标准合同结构比对和条款位置识别的模板样例。,/knowledge/sources/CN-TPL-016,doc/数规通功能路径描述（含reference）、流程描述、测试案例/中国数据出境路径/任务4：“文档专项智能审查”路径描述及测试案例/“文档专项智能审查”测试案例及预期输出/个人信息出境标准合同【模板】.docx
CN-TPL-017,template_assets,cn,review,template,数据处理协议样例,项目资料库,recommended,,,reference,,resources/legal/sources/cn/snapshots/cn-tpl-017_数据处理协议样例_938a2963.md,P2,DPA样例,cn-review,官方模板,结构参照,reference,medium,项目资料库,文档审查、数据处理协议,用于结构参照，不直接作为法律依据,用于数据处理协议版式和条款结构识别的样例文书。,/knowledge/sources/CN-TPL-017,doc/数规通功能路径描述（含reference）、流程描述、测试案例/中国数据出境路径/任务4：“文档专项智能审查”路径描述及测试案例/“文档专项智能审查”测试案例及预期输出/数据处理协议样例.pdf
CN-TPL-018,template_assets,cn,review,template,数据安全及保密协议模板,项目资料库,recommended,,,reference,,resources/legal/sources/cn/snapshots/cn-tpl-018_数据安全及保密协议模板_266f3cad.md,P2,保密协议模板样例,cn-review,官方模板,结构参照,reference,medium,项目资料库,文档审查、保密协议,用于结构参照，不直接作为法律依据,用于保密义务和数据安全条款结构识别的样例模板。,/knowledge/sources/CN-TPL-018,doc/数规通功能路径描述（含reference）、流程描述、测试案例/中国数据出境路径/任务4：“文档专项智能审查”路径描述及测试案例/“文档专项智能审查”测试案例及预期输出/数据安全及保密协议（模板） (1).docx
CN-TPL-019,template_assets,cn,assessment,template,数据出境风险自评估报告模板,项目资料库,recommended,,,reference,,resources/legal/sources/cn/snapshots/cn-tpl-019_数据出境风险自评估报告模板_48ec6e2b.md,P2,评估报告模板,cn-assessment,官方模板,结构参照,reference,medium,项目资料库,评估申报,用于结构参照，不直接作为法律依据,用于安全评估报告结构编排和章节组织的模板。,/knowledge/sources/CN-TPL-019,doc/数规通功能路径描述（含reference）、流程描述、测试案例/中国数据出境路径/中国数据出境路径reference库/中国数据出境路径reference文件库/数据出境风险自评估报告（模板）.docx
CN-TPL-020,template_assets,cn,assessment,template,个人信息保护影响评估报告模板,项目资料库,recommended,,,reference,,resources/legal/sources/cn/snapshots/cn-tpl-020_个人信息保护影响评估报告模板_bcacf6d1.md,P2,PIA模板,cn-assessment,官方模板,结构参照,reference,medium,项目资料库,评估申报、PIPIA,用于结构参照，不直接作为法律依据,用于个人信息保护影响评估报告结构生成的模板。,/knowledge/sources/CN-TPL-020,doc/数规通功能路径描述（含reference）、流程描述、测试案例/中国数据出境路径/中国数据出境路径reference库/中国数据出境路径reference文件库/个人信息保护影响评估报告（模板）.docx
CN-TPL-021,supplemental_assets,cn,all,template,个人信息保护影响评估报告（模板） (1),项目资料库,recommended,,,reference,,resources/legal/sources/cn/snapshots/cn-tpl-021_个人信息保护影响评估报告_模板_1_2ba9ee34.md,P3,由原始资产自动扩展入知识库：个人信息保护影响评估报告（模板） (1).docx,cn-diagnosis,官方模板,结构参照,reference,medium,项目资料库,路径判断,用于知识参考与结构参照，不直接作为核心法律依据,由原始参考文件 `个人信息保护影响评估报告（模板） (1).docx` 自动扩展生成的知识条目。,/knowledge/sources/CN-TPL-021,doc/数规通功能路径描述（含reference）、流程描述、测试案例/中国数据出境路径/中国数据出境路径reference库/中国数据出境路径reference文件库/个人信息保护影响评估报告（模板） (1).docx
CN-SUP-002,supplemental_assets,cn,all,regulation,个人信息出境认证办法,项目资料库,recommended,,,reference,,resources/legal/sources/cn/snapshots/cn-sup-001_个人信息出境认证办法_b1078d14.md,P3,由原始资产自动扩展入知识库：个人信息出境认证办法.pdf,cn-diagnosis,补充依据,参考引用,mandatory,medium,项目资料库,路径判断,用于知识参考与结构参照，不直接作为核心法律依据,由原始参考文件 `个人信息出境认证办法.pdf` 自动扩展生成的知识条目。,/knowledge/sources/CN-SUP-002,doc/数规通功能路径描述（含reference）、流程描述、测试案例/中国数据出境路径/中国数据出境路径reference库/中国数据出境路径reference文件库/个人信息出境认证办法.pdf
CN-SUP-003,supplemental_assets,cn,all,regulation,个人金融信息保护技术规范,项目资料库,recommended,,,reference,,resources/legal/sources/cn/snapshots/cn-sup-002_个人金融信息保护技术规范_44835b79.md,P3,由原始资产自动扩展入知识库：个人金融信息保护技术规范.pdf,cn-diagnosis,补充依据,参考引用,recommended,medium,项目资料库,路径判断,用于知识参考与结构参照，不直接作为核心法律依据,由原始参考文件 `个人金融信息保护技术规范.pdf` 自动扩展生成的知识条目。,/knowledge/sources/CN-SUP-003,doc/数规通功能路径描述（含reference）、流程描述、测试案例/中国数据出境路径/中国数据出境路径reference库/中国数据出境路径reference文件库/个人金融信息保护技术规范.pdf
CN-SUP-004,supplemental_assets,cn,all,regulation,信息安全技术 个人信息安全规范,项目资料库,recommended,,,reference,,resources/legal/sources/cn/snapshots/cn-sup-003_信息安全技术_个人信息安全规范_98413de1.md,P3,由原始资产自动扩展入知识库：信息安全技术 个人信息安全规范.pdf,cn-diagnosis,补充依据,参考引用,recommended,medium,项目资料库,路径判断,用于知识参考与结构参照，不直接作为核心法律依据,由原始参考文件 `信息安全技术 个人信息安全规范.pdf` 自动扩展生成的知识条目。,/knowledge/sources/CN-SUP-004,doc/数规通功能路径描述（含reference）、流程描述、测试案例/中国数据出境路径/中国数据出境路径reference库/中国数据出境路径reference文件库/信息安全技术 个人信息安全规范.pdf
CN-SUP-005,supplemental_assets,cn,all,regulation,数据出境申报系统使用手册,项目资料库,recommended,,,reference,,resources/legal/sources/cn/snapshots/cn-sup-004_数据出境申报系统使用手册_b6f010c5.md,P3,由原始资产自动扩展入知识库：数据出境申报系统使用手册.pdf,cn-diagnosis,补充依据,参考引用,recommended,medium,项目资料库,路径判断,用于知识参考与结构参照，不直接作为核心法律依据,由原始参考文件 `数据出境申报系统使用手册.pdf` 自动扩展生成的知识条目。,/knowledge/sources/CN-SUP-005,doc/数规通功能路径描述（含reference）、流程描述、测试案例/中国数据出境路径/中国数据出境路径reference库/中国数据出境路径reference文件库/数据出境申报系统使用手册.pdf
CN-SUP-006,supplemental_assets,cn,all,regulation,汽车数据安全管理若干规定（试行） 中央网络安全和信息化委员会办公室,项目资料库,recommended,,,reference,,resources/legal/sources/cn/snapshots/cn-sup-005_汽车数据安全管理若干规定_试行_中央网络安全和信息化委员会办公室_69b8dec0.md,P3,由原始资产自动扩展入知识库：汽车数据安全管理若干规定（试行）_中央网络安全和信息化委员会办公室.pdf,cn-diagnosis,补充依据,参考引用,mandatory,medium,项目资料库,路径判断,用于知识参考与结构参照，不直接作为核心法律依据,由原始参考文件 `汽车数据安全管理若干规定（试行）_中央网络安全和信息化委员会办公室.pdf` 自动扩展生成的知识条目。,/knowledge/sources/CN-SUP-006,doc/数规通功能路径描述（含reference）、流程描述、测试案例/中国数据出境路径/中国数据出境路径reference库/中国数据出境路径reference文件库/汽车数据安全管理若干规定（试行）_中央网络安全和信息化委员会办公室.pdf
CN-SUP-007,supplemental_assets,cn,all,regulation,金融数据安全+数据安全分级指南,项目资料库,recommended,,,reference,,resources/legal/sources/cn/snapshots/cn-sup-006_金融数据安全_数据安全分级指南_1311542a.md,P3,由原始资产自动扩展入知识库：金融数据安全+数据安全分级指南.pdf,cn-diagnosis,补充依据,参考引用,recommended,medium,项目资料库,路径判断,用于知识参考与结构参照，不直接作为核心法律依据,由原始参考文件 `金融数据安全+数据安全分级指南.pdf` 自动扩展生成的知识条目。,/knowledge/sources/CN-SUP-007,doc/数规通功能路径描述（含reference）、流程描述、测试案例/中国数据出境路径/中国数据出境路径reference库/中国数据出境路径reference文件库/金融数据安全+数据安全分级指南.pdf
CN-TPL-022,supplemental_assets,cn,review,template,隐私政策样例,项目资料库,recommended,,,reference,,resources/legal/sources/cn/snapshots/cn-tpl-022_隐私政策样例_510dc5fc.md,P3,由原始资产自动扩展入知识库：隐私政策样例.PNG,cn-review,官方模板,结构参照,reference,medium,项目资料库,文档审查,用于知识参考与结构参照，不直接作为核心法律依据,由原始参考文件 `隐私政策样例.PNG` 自动扩展生成的知识条目。,/knowledge/sources/CN-TPL-022,doc/数规通功能路径描述（含reference）、流程描述、测试案例/中国数据出境路径/任务4：“文档专项智能审查”路径描述及测试案例/“文档专项智能审查”测试案例及预期输出/隐私政策样例.PNG
EU-SUP-009,supplemental_assets,eu,all,regulation,2.2 ICO DPIA Temple (1),项目资料库,recommended,,,reference,,resources/legal/sources/eu/snapshots/eu-sup-001_2_2_ico_dpia_temple_1_8da2e5a1.md,P3,由原始资产自动扩展入知识库：2.2 ICO_DPIA_Temple (1).docx,eu-scc,补充依据,参考引用,recommended,medium,项目资料库,SCC审查,用于知识参考与结构参照，不直接作为核心法律依据,由原始参考文件 `2.2 ICO_DPIA_Temple (1).docx` 自动扩展生成的知识条目。,/knowledge/sources/EU-SUP-009,doc/数规通功能路径描述（含reference）、流程描述、测试案例/欧盟数据出境路径/欧盟数据出境路径Reference库/欧盟数据出境reference文件库/2.2 ICO_DPIA_Temple (1).docx
EU-SUP-010,supplemental_assets,eu,all,regulation,CELEX 32002D0002 EN TXT,项目资料库,recommended,,,reference,,resources/legal/sources/eu/snapshots/eu-sup-002_celex_32002d0002_en_txt_630ed471.md,P3,由原始资产自动扩展入知识库：CELEX_32002D0002_EN_TXT.pdf,eu-scc,补充依据,参考引用,recommended,medium,项目资料库,SCC审查,用于知识参考与结构参照，不直接作为核心法律依据,由原始参考文件 `CELEX_32002D0002_EN_TXT.pdf` 自动扩展生成的知识条目。,/knowledge/sources/EU-SUP-010,doc/数规通功能路径描述（含reference）、流程描述、测试案例/欧盟数据出境路径/欧盟数据出境路径Reference库/欧盟数据出境reference文件库/CELEX_32002D0002_EN_TXT.pdf
EU-SUP-011,supplemental_assets,eu,all,regulation,CELEX 32003D0490 EN TXT,项目资料库,recommended,,,reference,,resources/legal/sources/eu/snapshots/eu-sup-003_celex_32003d0490_en_txt_0c03d397.md,P3,由原始资产自动扩展入知识库：CELEX_32003D0490_EN_TXT.pdf,eu-scc,补充依据,参考引用,recommended,medium,项目资料库,SCC审查,用于知识参考与结构参照，不直接作为核心法律依据,由原始参考文件 `CELEX_32003D0490_EN_TXT.pdf` 自动扩展生成的知识条目。,/knowledge/sources/EU-SUP-011,doc/数规通功能路径描述（含reference）、流程描述、测试案例/欧盟数据出境路径/欧盟数据出境路径Reference库/欧盟数据出境reference文件库/CELEX_32003D0490_EN_TXT.pdf
EU-SUP-012,supplemental_assets,eu,all,regulation,CELEX 32003D0821 EN TXT,项目资料库,recommended,,,reference,,resources/legal/sources/eu/snapshots/eu-sup-004_celex_32003d0821_en_txt_72c43419.md,P3,由原始资产自动扩展入知识库：CELEX_32003D0821_EN_TXT.pdf,eu-scc,补充依据,参考引用,recommended,medium,项目资料库,SCC审查,用于知识参考与结构参照，不直接作为核心法律依据,由原始参考文件 `CELEX_32003D0821_EN_TXT.pdf` 自动扩展生成的知识条目。,/knowledge/sources/EU-SUP-012,doc/数规通功能路径描述（含reference）、流程描述、测试案例/欧盟数据出境路径/欧盟数据出境路径Reference库/欧盟数据出境reference文件库/CELEX_32003D0821_EN_TXT.pdf
EU-SUP-013,supplemental_assets,eu,all,regulation,CELEX 32004D0411 EN TXT,项目资料库,recommended,,,reference,,resources/legal/sources/eu/snapshots/eu-sup-005_celex_32004d0411_en_txt_6c7765c5.md,P3,由原始资产自动扩展入知识库：CELEX_32004D0411_EN_TXT.pdf,eu-scc,补充依据,参考引用,recommended,medium,项目资料库,SCC审查,用于知识参考与结构参照，不直接作为核心法律依据,由原始参考文件 `CELEX_32004D0411_EN_TXT.pdf` 自动扩展生成的知识条目。,/knowledge/sources/EU-SUP-013,doc/数规通功能路径描述（含reference）、流程描述、测试案例/欧盟数据出境路径/欧盟数据出境路径Reference库/欧盟数据出境reference文件库/CELEX_32004D0411_EN_TXT.pdf
EU-SUP-014,supplemental_assets,eu,all,regulation,CELEX 32008D0393 EN TXT,项目资料库,recommended,,,reference,,resources/legal/sources/eu/snapshots/eu-sup-006_celex_32008d0393_en_txt_5c003a8c.md,P3,由原始资产自动扩展入知识库：CELEX_32008D0393_EN_TXT.pdf,eu-scc,补充依据,参考引用,recommended,medium,项目资料库,SCC审查,用于知识参考与结构参照，不直接作为核心法律依据,由原始参考文件 `CELEX_32008D0393_EN_TXT.pdf` 自动扩展生成的知识条目。,/knowledge/sources/EU-SUP-014,doc/数规通功能路径描述（含reference）、流程描述、测试案例/欧盟数据出境路径/欧盟数据出境路径Reference库/欧盟数据出境reference文件库/CELEX_32008D0393_EN_TXT.pdf
EU-SUP-015,supplemental_assets,eu,all,regulation,CELEX 32010D0146 EN TXT,项目资料库,recommended,,,reference,,resources/legal/sources/eu/snapshots/eu-sup-007_celex_32010d0146_en_txt_10f5c027.md,P3,由原始资产自动扩展入知识库：CELEX_32010D0146_EN_TXT.pdf,eu-scc,补充依据,参考引用,recommended,medium,项目资料库,SCC审查,用于知识参考与结构参照，不直接作为核心法律依据,由原始参考文件 `CELEX_32010D0146_EN_TXT.pdf` 自动扩展生成的知识条目。,/knowledge/sources/EU-SUP-015,doc/数规通功能路径描述（含reference）、流程描述、测试案例/欧盟数据出境路径/欧盟数据出境路径Reference库/欧盟数据出境reference文件库/CELEX_32010D0146_EN_TXT.pdf
EU-SUP-016,supplemental_assets,eu,all,regulation,CELEX 32010D0625 EN TXT,项目资料库,recommended,,,reference,,resources/legal/sources/eu/snapshots/eu-sup-008_celex_32010d0625_en_txt_eda2fbb8.md,P3,由原始资产自动扩展入知识库：CELEX_32010D0625_EN_TXT.pdf,eu-scc,补充依据,参考引用,recommended,medium,项目资料库,SCC审查,用于知识参考与结构参照，不直接作为核心法律依据,由原始参考文件 `CELEX_32010D0625_EN_TXT.pdf` 自动扩展生成的知识条目。,/knowledge/sources/EU-SUP-016,doc/数规通功能路径描述（含reference）、流程描述、测试案例/欧盟数据出境路径/欧盟数据出境路径Reference库/欧盟数据出境reference文件库/CELEX_32010D0625_EN_TXT.pdf
EU-SUP-017,supplemental_assets,eu,all,regulation,CELEX 32011D0061 EN TXT,项目资料库,recommended,,,reference,,resources/legal/sources/eu/snapshots/eu-sup-009_celex_32011d0061_en_txt_52fc16c8.md,P3,由原始资产自动扩展入知识库：CELEX_32011D0061_EN_TXT.pdf,eu-scc,补充依据,参考引用,recommended,medium,项目资料库,SCC审查,用于知识参考与结构参照，不直接作为核心法律依据,由原始参考文件 `CELEX_32011D0061_EN_TXT.pdf` 自动扩展生成的知识条目。,/knowledge/sources/EU-SUP-017,doc/数规通功能路径描述（含reference）、流程描述、测试案例/欧盟数据出境路径/欧盟数据出境路径Reference库/欧盟数据出境reference文件库/CELEX_32011D0061_EN_TXT.pdf
EU-SUP-018,supplemental_assets,eu,all,regulation,CELEX 32012D0484 EN TXT,项目资料库,recommended,,,reference,,resources/legal/sources/eu/snapshots/eu-sup-010_celex_32012d0484_en_txt_10e59798.md,P3,由原始资产自动扩展入知识库：CELEX_32012D0484_EN_TXT.pdf,eu-scc,补充依据,参考引用,recommended,medium,项目资料库,SCC审查,用于知识参考与结构参照，不直接作为核心法律依据,由原始参考文件 `CELEX_32012D0484_EN_TXT.pdf` 自动扩展生成的知识条目。,/knowledge/sources/EU-SUP-018,doc/数规通功能路径描述（含reference）、流程描述、测试案例/欧盟数据出境路径/欧盟数据出境路径Reference库/欧盟数据出境reference文件库/CELEX_32012D0484_EN_TXT.pdf
EU-SUP-019,supplemental_assets,eu,all,regulation,CELEX 32013D0065 EN TXT,项目资料库,recommended,,,reference,,resources/legal/sources/eu/snapshots/eu-sup-011_celex_32013d0065_en_txt_c305dc26.md,P3,由原始资产自动扩展入知识库：CELEX_32013D0065_EN_TXT.pdf,eu-scc,补充依据,参考引用,recommended,medium,项目资料库,SCC审查,用于知识参考与结构参照，不直接作为核心法律依据,由原始参考文件 `CELEX_32013D0065_EN_TXT.pdf` 自动扩展生成的知识条目。,/knowledge/sources/EU-SUP-019,doc/数规通功能路径描述（含reference）、流程描述、测试案例/欧盟数据出境路径/欧盟数据出境路径Reference库/欧盟数据出境reference文件库/CELEX_32013D0065_EN_TXT.pdf
EU-SUP-020,supplemental_assets,eu,all,regulation,CELEX 32019D0419 EN TXT,项目资料库,recommended,,,reference,,resources/legal/sources/eu/snapshots/eu-sup-012_celex_32019d0419_en_txt_2ced3c3a.md,P3,由原始资产自动扩展入知识库：CELEX_32019D0419_EN_TXT.pdf,eu-scc,补充依据,参考引用,recommended,medium,项目资料库,SCC审查,用于知识参考与结构参照，不直接作为核心法律依据,由原始参考文件 `CELEX_32019D0419_EN_TXT.pdf` 自动扩展生成的知识条目。,/knowledge/sources/EU-SUP-020,doc/数规通功能路径描述（含reference）、流程描述、测试案例/欧盟数据出境路径/欧盟数据出境路径Reference库/欧盟数据出境reference文件库/CELEX_32019D0419_EN_TXT.pdf
EU-SUP-021,supplemental_assets,eu,all,regulation,CELEX 32021D0914 EN TXT,项目资料库,recommended,,,reference,,resources/legal/sources/eu/snapshots/eu-sup-013_celex_32021d0914_en_txt_a7400d96.md,P3,由原始资产自动扩展入知识库：CELEX_32021D0914_EN_TXT.pdf,eu-scc,补充依据,参考引用,recommended,medium,项目资料库,SCC审查,用于知识参考与结构参照，不直接作为核心法律依据,由原始参考文件 `CELEX_32021D0914_EN_TXT.pdf` 自动扩展生成的知识条目。,/knowledge/sources/EU-SUP-021,doc/数规通功能路径描述（含reference）、流程描述、测试案例/欧盟数据出境路径/欧盟数据出境路径Reference库/欧盟数据出境reference文件库/CELEX_32021D0914_EN_TXT.pdf
EU-SUP-022,supplemental_assets,eu,all,regulation,CELEX 32021D1772 EN TXT,项目资料库,recommended,,,reference,,resources/legal/sources/eu/snapshots/eu-sup-014_celex_32021d1772_en_txt_f01c242a.md,P3,由原始资产自动扩展入知识库：CELEX_32021D1772_EN_TXT.pdf,eu-scc,补充依据,参考引用,recommended,medium,项目资料库,SCC审查,用于知识参考与结构参照，不直接作为核心法律依据,由原始参考文件 `CELEX_32021D1772_EN_TXT.pdf` 自动扩展生成的知识条目。,/knowledge/sources/EU-SUP-022,doc/数规通功能路径描述（含reference）、流程描述、测试案例/欧盟数据出境路径/欧盟数据出境路径Reference库/欧盟数据出境reference文件库/CELEX_32021D1772_EN_TXT.pdf
EU-SUP-023,supplemental_assets,eu,all,regulation,CELEX 32022D0254 EN TXT,项目资料库,recommended,,,reference,,resources/legal/sources/eu/snapshots/eu-sup-015_celex_32022d0254_en_txt_a6b2d568.md,P3,由原始资产自动扩展入知识库：CELEX_32022D0254_EN_TXT.pdf,eu-scc,补充依据,参考引用,recommended,medium,项目资料库,SCC审查,用于知识参考与结构参照，不直接作为核心法律依据,由原始参考文件 `CELEX_32022D0254_EN_TXT.pdf` 自动扩展生成的知识条目。,/knowledge/sources/EU-SUP-023,doc/数规通功能路径描述（含reference）、流程描述、测试案例/欧盟数据出境路径/欧盟数据出境路径Reference库/欧盟数据出境reference文件库/CELEX_32022D0254_EN_TXT.pdf
EU-SUP-024,supplemental_assets,eu,all,regulation,CELEX 32023D1795 EN TXT,项目资料库,recommended,,,reference,,resources/legal/sources/eu/snapshots/eu-sup-016_celex_32023d1795_en_txt_2cb8cc45.md,P3,由原始资产自动扩展入知识库：CELEX_32023D1795_EN_TXT.pdf,eu-scc,补充依据,参考引用,recommended,medium,项目资料库,SCC审查,用于知识参考与结构参照，不直接作为核心法律依据,由原始参考文件 `CELEX_32023D1795_EN_TXT.pdf` 自动扩展生成的知识条目。,/knowledge/sources/EU-SUP-024,doc/数规通功能路径描述（含reference）、流程描述、测试案例/欧盟数据出境路径/欧盟数据出境路径Reference库/欧盟数据出境reference文件库/CELEX_32023D1795_EN_TXT.pdf
EU-SUP-025,supplemental_assets,eu,all,regulation,CELEX 62018CJ0311 EN TXT,项目资料库,recommended,,,reference,,resources/legal/sources/eu/snapshots/eu-sup-017_celex_62018cj0311_en_txt_c6ec140f.md,P3,由原始资产自动扩展入知识库：CELEX_62018CJ0311_EN_TXT.pdf,eu-scc,补充依据,参考引用,recommended,medium,项目资料库,SCC审查,用于知识参考与结构参照，不直接作为核心法律依据,由原始参考文件 `CELEX_62018CJ0311_EN_TXT.pdf` 自动扩展生成的知识条目。,/knowledge/sources/EU-SUP-025,doc/数规通功能路径描述（含reference）、流程描述、测试案例/欧盟数据出境路径/欧盟数据出境路径Reference库/欧盟数据出境reference文件库/CELEX_62018CJ0311_EN_TXT.pdf
EU-SUP-026,supplemental_assets,eu,all,regulation,EN Standard Contractual Clauses (1),项目资料库,recommended,,,reference,,resources/legal/sources/eu/snapshots/eu-sup-018_en_standard_contractual_clauses_1_12278acc.md,P3,由原始资产自动扩展入知识库：EN Standard Contractual Clauses (1).doc,eu-scc,补充依据,参考引用,recommended,medium,项目资料库,SCC审查,用于知识参考与结构参照，不直接作为核心法律依据,由原始参考文件 `EN Standard Contractual Clauses (1).doc` 自动扩展生成的知识条目。,/knowledge/sources/EU-SUP-026,doc/数规通功能路径描述（含reference）、流程描述、测试案例/欧盟数据出境路径/欧盟数据出境路径Reference库/欧盟数据出境reference文件库/EN Standard Contractual Clauses (1).doc
EU-SUP-027,supplemental_assets,eu,all,regulation,EPO Adequacy Decision July 2025,项目资料库,recommended,,,reference,,resources/legal/sources/eu/snapshots/eu-sup-019_epo_adequacy_decision_july_2025_23830553.md,P3,由原始资产自动扩展入知识库：EPO Adequacy Decision July 2025.pdf,eu-scc,补充依据,参考引用,recommended,medium,项目资料库,SCC审查,用于知识参考与结构参照，不直接作为核心法律依据,由原始参考文件 `EPO Adequacy Decision July 2025.pdf` 自动扩展生成的知识条目。,/knowledge/sources/EU-SUP-027,doc/数规通功能路径描述（含reference）、流程描述、测试案例/欧盟数据出境路径/欧盟数据出境路径Reference库/欧盟数据出境reference文件库/EPO Adequacy Decision July 2025.pdf
EU-TPL-001,supplemental_assets,eu,all,template,JUST template comingsoon standard 2,项目资料库,recommended,,,reference,,resources/legal/sources/eu/snapshots/eu-tpl-001_just_template_comingsoon_standard_2_115042e7.md,P3,由原始资产自动扩展入知识库：JUST_template_comingsoon_standard_2.pdf,eu-scc,官方模板,结构参照,reference,medium,项目资料库,SCC审查,用于知识参考与结构参照，不直接作为核心法律依据,由原始参考文件 `JUST_template_comingsoon_standard_2.pdf` 自动扩展生成的知识条目。,/knowledge/sources/EU-TPL-001,doc/数规通功能路径描述（含reference）、流程描述、测试案例/欧盟数据出境路径/欧盟数据出境路径Reference库/欧盟数据出境reference文件库/JUST_template_comingsoon_standard_2.pdf
EU-TPL-002,supplemental_assets,eu,all,template,JUST template comingsoon standard 26,项目资料库,recommended,,,reference,,resources/legal/sources/eu/snapshots/eu-tpl-002_just_template_comingsoon_standard_26_25b2da8a.md,P3,由原始资产自动扩展入知识库：JUST_template_comingsoon_standard_26.pdf,eu-scc,官方模板,结构参照,reference,medium,项目资料库,SCC审查,用于知识参考与结构参照，不直接作为核心法律依据,由原始参考文件 `JUST_template_comingsoon_standard_26.pdf` 自动扩展生成的知识条目。,/knowledge/sources/EU-TPL-002,doc/数规通功能路径描述（含reference）、流程描述、测试案例/欧盟数据出境路径/欧盟数据出境路径Reference库/欧盟数据出境reference文件库/JUST_template_comingsoon_standard_26.pdf
EU-TPL-003,supplemental_assets,eu,all,template,JUST template comingsoon standard 27,项目资料库,recommended,,,reference,,resources/legal/sources/eu/snapshots/eu-tpl-003_just_template_comingsoon_standard_27_d51308c4.md,P3,由原始资产自动扩展入知识库：JUST_template_comingsoon_standard_27.pdf,eu-scc,官方模板,结构参照,reference,medium,项目资料库,SCC审查,用于知识参考与结构参照，不直接作为核心法律依据,由原始参考文件 `JUST_template_comingsoon_standard_27.pdf` 自动扩展生成的知识条目。,/knowledge/sources/EU-TPL-003,doc/数规通功能路径描述（含reference）、流程描述、测试案例/欧盟数据出境路径/欧盟数据出境路径Reference库/欧盟数据出境reference文件库/JUST_template_comingsoon_standard_27.pdf
EU-TPL-004,supplemental_assets,eu,all,template,TIA Template (1),项目资料库,recommended,,,reference,,resources/legal/sources/eu/snapshots/eu-tpl-004_tia_template_1_3263b3d5.md,P3,由原始资产自动扩展入知识库：TIA - Template (1).docx,eu-scc,官方模板,结构参照,reference,medium,项目资料库,SCC审查,用于知识参考与结构参照，不直接作为核心法律依据,由原始参考文件 `TIA - Template (1).docx` 自动扩展生成的知识条目。,/knowledge/sources/EU-TPL-004,doc/数规通功能路径描述（含reference）、流程描述、测试案例/欧盟数据出境路径/欧盟数据出境路径Reference库/欧盟数据出境reference文件库/TIA - Template (1).docx
EU-SUP-028,supplemental_assets,eu,all,guide,edpb guidelines 2 2018 derogations en,项目资料库,recommended,,,reference,,resources/legal/sources/eu/snapshots/eu-sup-020_edpb_guidelines_2_2018_derogations_en_3160f84e.md,P3,由原始资产自动扩展入知识库：edpb_guidelines_2_2018_derogations_en.pdf,eu-scc,官方指南,知识增强,recommended,medium,项目资料库,SCC审查,用于知识参考与结构参照，不直接作为核心法律依据,由原始参考文件 `edpb_guidelines_2_2018_derogations_en.pdf` 自动扩展生成的知识条目。,/knowledge/sources/EU-SUP-028,doc/数规通功能路径描述（含reference）、流程描述、测试案例/欧盟数据出境路径/欧盟数据出境路径Reference库/欧盟数据出境reference文件库/edpb_guidelines_2_2018_derogations_en.pdf
EU-SUP-029,supplemental_assets,eu,all,guide,edpb guidelines 3 2018 territorial scope after public consultation en 1,项目资料库,recommended,,,reference,,resources/legal/sources/eu/snapshots/eu-sup-021_edpb_guidelines_3_2018_territorial_scope_after_p_e761c1f1.md,P3,由原始资产自动扩展入知识库：edpb_guidelines_3_2018_territorial_scope_after_public_consultation_en_1.pdf,eu-scc,官方指南,知识增强,recommended,medium,项目资料库,SCC审查,用于知识参考与结构参照，不直接作为核心法律依据,由原始参考文件 `edpb_guidelines_3_2018_territorial_scope_after_public_consultation_en_1.pdf` 自动扩展生成的知识条目。,/knowledge/sources/EU-SUP-029,doc/数规通功能路径描述（含reference）、流程描述、测试案例/欧盟数据出境路径/欧盟数据出境路径Reference库/欧盟数据出境reference文件库/edpb_guidelines_3_2018_territorial_scope_after_public_consultation_en_1.pdf
EU-SUP-030,supplemental_assets,eu,all,guide,edpb guidelines codes conduct transfers after public consultation en 1,项目资料库,recommended,,,reference,,resources/legal/sources/eu/snapshots/eu-sup-022_edpb_guidelines_codes_conduct_transfers_after_pu_7f49ba95.md,P3,由原始资产自动扩展入知识库：edpb_guidelines_codes_conduct_transfers_after_public_consultation_en_1.pdf,eu-scc,官方指南,知识增强,recommended,medium,项目资料库,SCC审查,用于知识参考与结构参照，不直接作为核心法律依据,由原始参考文件 `edpb_guidelines_codes_conduct_transfers_after_public_consultation_en_1.pdf` 自动扩展生成的知识条目。,/knowledge/sources/EU-SUP-030,doc/数规通功能路径描述（含reference）、流程描述、测试案例/欧盟数据出境路径/欧盟数据出境路径Reference库/欧盟数据出境reference文件库/edpb_guidelines_codes_conduct_transfers_after_public_consultation_en_1.pdf
EU-SUP-031,supplemental_assets,eu,all,guide,edpb recommendations 20221 bcr c v2 en,项目资料库,recommended,,,reference,,resources/legal/sources/eu/snapshots/eu-sup-023_edpb_recommendations_20221_bcr_c_v2_en_49af01bf.md,P3,由原始资产自动扩展入知识库：edpb_recommendations_20221_bcr-c_v2_en.pdf,eu-scc,官方指南,知识增强,recommended,medium,项目资料库,SCC审查,用于知识参考与结构参照，不直接作为核心法律依据,由原始参考文件 `edpb_recommendations_20221_bcr-c_v2_en.pdf` 自动扩展生成的知识条目。,/knowledge/sources/EU-SUP-031,doc/数规通功能路径描述（含reference）、流程描述、测试案例/欧盟数据出境路径/欧盟数据出境路径Reference库/欧盟数据出境reference文件库/edpb_recommendations_20221_bcr-c_v2_en.pdf
EU-SUP-032,supplemental_assets,eu,all,guide,recommendations 20221 bcr c edpb en,项目资料库,recommended,,,reference,,resources/legal/sources/eu/snapshots/eu-sup-024_recommendations_20221_bcr_c_edpb_en_52f5e0ed.md,P3,由原始资产自动扩展入知识库：recommendations_20221_bcr-c_edpb_en.pdf,eu-scc,官方指南,知识增强,recommended,medium,项目资料库,SCC审查,用于知识参考与结构参照，不直接作为核心法律依据,由原始参考文件 `recommendations_20221_bcr-c_edpb_en.pdf` 自动扩展生成的知识条目。,/knowledge/sources/EU-SUP-032,doc/数规通功能路径描述（含reference）、流程描述、测试案例/欧盟数据出境路径/欧盟数据出境路径Reference库/欧盟数据出境reference文件库/recommendations_20221_bcr-c_edpb_en.pdf
US-SUP-006,supplemental_assets,us,all,regulation,19 Digital Trade,项目资料库,recommended,,,reference,,resources/legal/sources/us/snapshots/us-sup-001_19_digital_trade_5987398f.md,P3,由原始资产自动扩展入知识库：19-Digital-Trade.pdf,us-14117,补充依据,参考引用,recommended,medium,项目资料库,EO14117合规,用于知识参考与结构参照，不直接作为核心法律依据,由原始参考文件 `19-Digital-Trade.pdf` 自动扩展生成的知识条目。,/knowledge/sources/US-SUP-006,doc/数规通功能路径描述（含reference）、流程描述、测试案例/美国（加州）数据出境路径/美国数据出境路径Reference库/美国数据出境路径reference文件库/19-Digital-Trade.pdf
US-SUP-007,supplemental_assets,us,all,regulation,2012 31341,项目资料库,recommended,,,reference,,resources/legal/sources/us/snapshots/us-sup-002_2012_31341_32b80d48.md,P3,由原始资产自动扩展入知识库：2012-31341.pdf,us-14117,补充依据,参考引用,recommended,medium,项目资料库,EO14117合规,用于知识参考与结构参照，不直接作为核心法律依据,由原始参考文件 `2012-31341.pdf` 自动扩展生成的知识条目。,/knowledge/sources/US-SUP-007,doc/数规通功能路径描述（含reference）、流程描述、测试案例/美国（加州）数据出境路径/美国数据出境路径Reference库/美国数据出境路径reference文件库/2012-31341.pdf
US-SUP-008,supplemental_assets,us,all,regulation,217 ecsg 2015 apec privacy framework,项目资料库,recommended,,,reference,,resources/legal/sources/us/snapshots/us-sup-003_217_ecsg_2015_apec_privacy_framework_26c6be63.md,P3,由原始资产自动扩展入知识库：217_ecsg_2015-apec-privacy-framework.pdf,us-14117,补充依据,参考引用,recommended,medium,项目资料库,EO14117合规,用于知识参考与结构参照，不直接作为核心法律依据,由原始参考文件 `217_ecsg_2015-apec-privacy-framework.pdf` 自动扩展生成的知识条目。,/knowledge/sources/US-SUP-008,doc/数规通功能路径描述（含reference）、流程描述、测试案例/美国（加州）数据出境路径/美国数据出境路径Reference库/美国数据出境路径reference文件库/217_ecsg_2015-apec-privacy-framework.pdf
US-SUP-009,supplemental_assets,us,all,regulation,DCPD 202200894,项目资料库,recommended,,,reference,,resources/legal/sources/us/snapshots/us-sup-004_dcpd_202200894_78497390.md,P3,由原始资产自动扩展入知识库：DCPD-202200894.pdf,us-14117,补充依据,参考引用,recommended,medium,项目资料库,EO14117合规,用于知识参考与结构参照，不直接作为核心法律依据,由原始参考文件 `DCPD-202200894.pdf` 自动扩展生成的知识条目。,/knowledge/sources/US-SUP-009,doc/数规通功能路径描述（含reference）、流程描述、测试案例/美国（加州）数据出境路径/美国数据出境路径Reference库/美国数据出境路径reference文件库/DCPD-202200894.pdf
US-SUP-010,supplemental_assets,us,all,regulation,FISA Section 702 FISA Resource Library,项目资料库,recommended,,,reference,,resources/legal/sources/us/snapshots/us-sup-005_fisa_section_702_fisa_resource_library_50e54159.md,P3,由原始资产自动扩展入知识库：FISA_Section_702_FISA_Resource_Library.pdf,us-14117,补充依据,参考引用,recommended,medium,项目资料库,EO14117合规,用于知识参考与结构参照，不直接作为核心法律依据,由原始参考文件 `FISA_Section_702_FISA_Resource_Library.pdf` 自动扩展生成的知识条目。,/knowledge/sources/US-SUP-010,doc/数规通功能路径描述（含reference）、流程描述、测试案例/美国（加州）数据出境路径/美国数据出境路径Reference库/美国数据出境路径reference文件库/FISA_Section_702_FISA_Resource_Library.pdf
US-SUP-011,supplemental_assets,us,all,regulation,Full Text EU U.S. DPF,项目资料库,recommended,,,reference,,resources/legal/sources/us/snapshots/us-sup-006_full_text_eu_u_s_dpf_795adbfd.md,P3,由原始资产自动扩展入知识库：Full Text_EU-U.S. DPF.pdf,us-14117,补充依据,参考引用,recommended,medium,项目资料库,EO14117合规,用于知识参考与结构参照，不直接作为核心法律依据,由原始参考文件 `Full Text_EU-U.S. DPF.pdf` 自动扩展生成的知识条目。,/knowledge/sources/US-SUP-011,doc/数规通功能路径描述（含reference）、流程描述、测试案例/美国（加州）数据出境路径/美国数据出境路径Reference库/美国数据出境路径reference文件库/Full Text_EU-U.S. DPF.pdf
US-SUP-012,supplemental_assets,us,all,regulation,NIST.CSWP.01162020,项目资料库,recommended,,,reference,,resources/legal/sources/us/snapshots/us-sup-007_nist_cswp_01162020_8ad94d46.md,P3,由原始资产自动扩展入知识库：NIST.CSWP.01162020.pdf,us-14117,补充依据,参考引用,recommended,medium,项目资料库,EO14117合规,用于知识参考与结构参照，不直接作为核心法律依据,由原始参考文件 `NIST.CSWP.01162020.pdf` 自动扩展生成的知识条目。,/knowledge/sources/US-SUP-012,doc/数规通功能路径描述（含reference）、流程描述、测试案例/美国（加州）数据出境路径/美国数据出境路径Reference库/美国数据出境路径reference文件库/NIST.CSWP.01162020.pdf
US-SUP-013,supplemental_assets,us,all,regulation,cloud act,项目资料库,recommended,,,reference,,resources/legal/sources/us/snapshots/us-sup-008_cloud_act_4b620891.md,P3,由原始资产自动扩展入知识库：cloud_act.pdf,us-14117,补充依据,参考引用,recommended,medium,项目资料库,EO14117合规,用于知识参考与结构参照，不直接作为核心法律依据,由原始参考文件 `cloud_act.pdf` 自动扩展生成的知识条目。,/knowledge/sources/US-SUP-013,doc/数规通功能路径描述（含reference）、流程描述、测试案例/美国（加州）数据出境路径/美国数据出境路径Reference库/美国数据出境路径reference文件库/cloud_act.pdf
US-SUP-014,supplemental_assets,us,all,regulation,ftc act incorporatingus safe web act,项目资料库,recommended,,,reference,,resources/legal/sources/us/snapshots/us-sup-009_ftc_act_incorporatingus_safe_web_act_a228b4c9.md,P3,由原始资产自动扩展入知识库：ftc_act_incorporatingus_safe_web_act.pdf,us-14117,补充依据,参考引用,recommended,medium,项目资料库,EO14117合规,用于知识参考与结构参照，不直接作为核心法律依据,由原始参考文件 `ftc_act_incorporatingus_safe_web_act.pdf` 自动扩展生成的知识条目。,/knowledge/sources/US-SUP-014,doc/数规通功能路径描述（含reference）、流程描述、测试案例/美国（加州）数据出境路径/美国数据出境路径Reference库/美国数据出境路径reference文件库/ftc_act_incorporatingus_safe_web_act.pdf
